weekNum,teamName,numRush,succRush,numPass,succPass,succPct,numPlays,PointsPerPlay
6,Florida,43,22,28,10,45.07042253521127,71,0.33566197183098573
6,Miami,46,20,32,11,39.743589743589745,78,0.34908974358974365
6,Georgia,34,21,31,18,60.0,65,0.5077846153846157
6,NC State,52,32,34,23,63.95348837209303,86,0.4358837209302326
